{
  "provider_schemas": {
    "huaweicloud/huaweicloud": {
      "data_source_schemas": {
        "huaweicloud_availability_zones": {
          "block": {
            "attributes": {
              "id": {
                "type": "string",
                "computed": true
              },
              "names": {
                "type": [
                  "list",
                  "string"
                ],
                "computed": true
              },
              "region": {
                "type": "string",
                "computed": true
              },
              "state": {
                "type": "string",
                "optional": true,
                "default": "available"
              }
            }
          }
        }
      }
    }
  }
}
