{
  "provider_schemas": {
    "huaweicloud/huaweicloud": {
      "data_source_schemas": {
        "huaweicloud_bms_flavors": {
          "block": {
            "attributes": {
              "availability_zone": {
                "type": "string",
                "optional": true
              },
              "cpu_arch": {
                "type": "string",
                "optional": true,
                "default": "x86_64"
              },
              "flavors": {
                "type": [
                  "list",
                  [
                    "object",
                    {
                      "cpu_arch": "string",
                      "id": "string",
                      "memory": "number",
                      "operation": "string",
                      "vcpus": "number"
                    }
                  ]
                ],
                "computed": true
              },
              "id": {
                "type": "string",
                "computed": true
              },
              "memory": {
                "type": "number",
                "optional": true
              },
              "region": {
                "type": "string",
                "computed": true
              },
              "vcpus": {
                "type": "number",
                "optional": true
              }
            }
          }
        }
      }
    }
  }
}
