{
  "provider_schemas": {
    "huaweicloud/huaweicloud": {
      "data_source_schemas": {
        "huaweicloud_enterprise_project": {
          "block": {
            "attributes": {
              "created_at": {
                "type": "string",
                "computed": true
              },
              "description": {
                "type": "string",
                "computed": true
              },
              "id": {
                "type": "string",
                "optional": true,
                "computed": true
              },
              "name": {
                "type": "string",
                "optional": true,
                "computed": true
              },
              "status": {
                "type": "number",
                "optional": true,
                "computed": true
              },
              "updated_at": {
                "type": "string",
                "computed": true
              }
            }
          }
        }
      }
    }
  }
}
