{
  "provider_schemas": {
    "huaweicloud/huaweicloud": {
      "data_source_schemas": {
        "huaweicloud_identity_role": {
          "block": {
            "attributes": {
              "catalog": {
                "type": "string",
                "computed": true
              },
              "description": {
                "type": "string",
                "computed": true
              },
              "display_name": {
                "type": "string",
                "optional": true
              },
              "id": {
                "type": "string",
                "computed": true
              },
              "name": {
                "type": "string",
                "optional": true
              },
              "policy": {
                "type": "string",
                "computed": true
              },
              "type": {
                "type": "string",
                "computed": true
              }
            }
          }
        }
      }
    }
  }
}
