{
  "provider_schemas": {
    "huaweicloud/huaweicloud": {
      "data_source_schemas": {
        "huaweicloud_identity_group": {
          "block": {
            "attributes": {
              "description": {
                "type": "string",
                "optional": true
              },
              "domain_id": {
                "type": "string",
                "computed": true
              },
              "id": {
                "type": "string",
                "optional": true
              },
              "name": {
                "type": "string",
                "optional": true
              },
              "users": {
                "type": [
                  "list",
                  [
                    "object",
                    {
                      "description": "string",
                      "enabled": "bool",
                      "id": "string",
                      "name": "string",
                      "password_expires_at": "string",
                      "password_status": "bool",
                      "password_strength": "string"
                    }
                  ]
                ],
                "computed": true
              }
            }
          }
        }
      }
    }
  }
}
