{
  "provider_schemas": {
    "huaweicloud/huaweicloud": {
      "data_source_schemas": {
        "huaweicloud_iec_images": {
          "block": {
            "attributes": {
              "id": {
                "type": "string",
                "computed": true
              },
              "images": {
                "type": [
                  "list",
                  [
                    "object",
                    {
                      "id": "string",
                      "name": "string",
                      "os_type": "string",
                      "status": "string"
                    }
                  ]
                ],
                "computed": true
              },
              "name": {
                "type": "string",
                "optional": true
              },
              "os_type": {
                "type": "string",
                "optional": true
              },
              "region": {
                "type": "string",
                "computed": true
              }
            }
          }
        }
      }
    }
  }
}
