{
  "provider_schemas": {
    "huaweicloud/huaweicloud": {
      "data_source_schemas": {
        "huaweicloud_compute_flavors": {
          "block": {
            "attributes": {
              "availability_zone": {
                "type": "string",
                "optional": true
              },
              "cpu_core_count": {
                "type": "number",
                "optional": true
              },
              "generation": {
                "type": "string",
                "optional": true
              },
              "id": {
                "type": "string",
                "computed": true
              },
              "ids": {
                "type": [
                  "list",
                  "string"
                ],
                "computed": true
              },
              "memory_size": {
                "type": "number",
                "optional": true
              },
              "performance_type": {
                "type": "string",
                "optional": true
              },
              "region": {
                "type": "string",
                "computed": true
              }
            }
          },
          "product": {
            "catalog": "Compute",
            "name": "Elastic Cloud Server",
            "short": "ECS"
          }
        }
      }
    }
  }
}
