{
  "provider_schemas": {
    "huaweicloud/huaweicloud": {
      "data_source_schemas": {
        "huaweicloud_dws_flavors": {
          "block": {
            "attributes": {
              "availability_zone": {
                "type": "string",
                "optional": true
              },
              "flavors": {
                "type": [
                  "list",
                  [
                    "object",
                    {
                      "availability_zone": "string",
                      "flavor_id": "string",
                      "memory": "number",
                      "size": "number",
                      "vcpus": "number",
                      "volumetype": "string"
                    }
                  ]
                ],
                "computed": true
              },
              "id": {
                "type": "string",
                "computed": true
              },
              "memory": {
                "type": "number",
                "optional": true
              },
              "region": {
                "type": "string",
                "computed": true
              },
              "vcpus": {
                "type": "number",
                "optional": true
              }
            }
          }
        }
      }
    }
  }
}
