{
  "provider_schemas": {
    "huaweicloud/huaweicloud": {
      "data_source_schemas": {
        "huaweicloud_kms_key": {
          "block": {
            "attributes": {
              "creation_date": {
                "type": "string",
                "computed": true
              },
              "default_key_flag": {
                "type": "string",
                "optional": true,
                "computed": true
              },
              "domain_id": {
                "type": "string",
                "optional": true,
                "computed": true
              },
              "enterprise_project_id": {
                "type": "string",
                "optional": true,
                "computed": true
              },
              "expiration_time": {
                "type": "string",
                "computed": true
              },
              "id": {
                "type": "string",
                "computed": true
              },
              "key_alias": {
                "type": "string",
                "optional": true
              },
              "key_description": {
                "type": "string",
                "optional": true
              },
              "key_id": {
                "type": "string",
                "optional": true
              },
              "key_state": {
                "type": "string",
                "optional": true,
                "computed": true
              },
              "region": {
                "type": "string",
                "computed": true
              },
              "scheduled_deletion_date": {
                "type": "string",
                "computed": true
              },
              "tags": {
                "type": [
                  "map",
                  "string"
                ],
                "computed": true
              }
            }
          }
        }
      }
    }
  }
}
