{
  "provider_schemas": {
    "huaweicloud/huaweicloud": {
      "resource_schemas": {
        "huaweicloud_vpc_route_table": {
          "block": {
            "attributes": {
              "description": {
                "type": "string",
                "optional": true
              },
              "id": {
                "type": "string",
                "computed": true
              },
              "name": {
                "type": "string",
                "required": true
              },
              "region": {
                "type": "string",
                "computed": true
              },
              "subnets": {
                "type": [
                  "set",
                  "string"
                ],
                "optional": true
              },
              "vpc_id": {
                "type": "string",
                "required": true,
                "forcenew": true
              }
            },
            "block_types": {
              "route": {
                "block": {
                  "attributes": {
                    "description": {
                      "type": "string",
                      "optional": true
                    },
                    "destination": {
                      "type": "string",
                      "required": true
                    },
                    "nexthop": {
                      "type": "string",
                      "required": true
                    },
                    "type": {
                      "type": "string",
                      "required": true
                    }
                  }
                },
                "nesting_mode": "set",
                "max_items": 200
              }
            }
          },
          "product": {
            "catalog": "Network",
            "name": "Virtual Private Cloud",
            "short": "VPC"
          }
        }
      }
    }
  }
}
